{
  "f1": 0.10256410256410256,
  "pr_auc": 0.04278308172193504,
  "precision": 0.07407407407407407,
  "recall": 0.16666666666666666,
  "roc_auc": 0.8272539688829887,
  "threshold": 0.03442936624394008
}